{
  "tailwind.config.js": 1774772405.5369048,
  "next-env.d.ts": 1774737283.2763665,
  "tailwind.config.ts": 1774736023.1141257,
  "vitest.config.ts": 1776362421.5600805,
  "next.config.ts": 1775249472.0453207,
  "capacitor.config.ts": 1775310100.1417584,
  "scripts/youtube-knowledge-base/ingest.py": 1775711843.3578072,
  "src/app/layout.tsx": 1775040940.0755248,
  "src/app/page.tsx": 1774770934.814603,
  "src/app/not-found.tsx": 1776091620.465884,
  "src/app/providers.tsx": 1775748530.171454,
  "src/app/(app)/layout.tsx": 1776366315.322625,
  "src/app/(app)/learn/page.tsx": 1774964639.4886706,
  "src/app/(app)/learn/article/page.tsx": 1774964902.2046473,
  "src/app/(app)/scan/page.tsx": 1775399746.9140913,
  "src/app/(app)/search/page.tsx": 1776319549.8528812,
  "src/app/(app)/search/category/page.tsx": 1775328427.4109483,
  "src/app/(app)/search/food/page.tsx": 1776335247.627675,
  "src/app/(app)/profile/page.tsx": 1776366762.4332952,
  "src/app/(app)/profile/pets/page.tsx": 1774859737.4433017,
  "src/app/(app)/profile/pets/edit/page.tsx": 1774774297.0523267,
  "src/app/(app)/profile/scan-history/page.tsx": 1774736873.6060743,
  "src/app/(app)/profile/language/page.tsx": 1774860130.3186004,
  "src/app/(app)/profile/about/page.tsx": 1776366762.4315455,
  "src/app/(app)/profile/about/__tests__/page.test.tsx": 1776366762.4312296,
  "src/app/(app)/profile/__tests__/profile-page.test.tsx": 1776366762.4307737,
  "src/app/(app)/profile/support/page.tsx": 1776366762.4341478,
  "src/app/(app)/profile/support/__tests__/page.test.tsx": 1776366762.4336462,
  "src/app/(app)/recipes/page.tsx": 1776320017.5454097,
  "src/app/(app)/recipes/analysis/page.tsx": 1776324830.5328422,
  "src/app/(app)/recipes/edit/page.tsx": 1775300798.175417,
  "src/app/(app)/recipes/new/page.tsx": 1775399767.7971983,
  "src/app/privacy-policy/page.tsx": 1774962553.2056746,
  "src/app/terms/page.tsx": 1776091620.4665575,
  "src/app/welcome/page.tsx": 1776091620.4669347,
  "src/app/terms-of-service/page.tsx": 1774962485.5466185,
  "src/app/api/auth/sync-entitlements/route.ts": 1775748538.4991643,
  "src/app/api/recipes/analyze/route.ts": 1776263479.815721,
  "src/app/api/foods/ask/route.ts": 1776335264.3397648,
  "src/app/api/webhooks/revenuecat/route.ts": 1775399898.901207,
  "src/app/(auth)/layout.tsx": 1774902709.2767086,
  "src/app/(auth)/register/page.tsx": 1776091620.465495,
  "src/app/(auth)/login/page.tsx": 1776091620.4650648,
  "src/app/onboarding/page.tsx": 1776091620.466195,
  "src/test/setup.ts": 1776362648.8427393,
  "src/components/intl-provider.tsx": 1775040931.2310019,
  "src/components/ui/card.tsx": 1776098906.038389,
  "src/components/ui/icon.tsx": 1776263539.230029,
  "src/components/ui/empty-state.tsx": 1776098906.0391326,
  "src/components/ui/progress-steps.tsx": 1776098906.0401373,
  "src/components/ui/dialog.tsx": 1776098906.0387242,
  "src/components/ui/badge.tsx": 1776098906.0371711,
  "src/components/ui/button.tsx": 1776098906.0379012,
  "src/components/ui/input.tsx": 1776098906.0394733,
  "src/components/ui/skeleton.tsx": 1774736540.9569685,
  "src/components/auth/social-login-buttons.tsx": 1775327898.5146356,
  "src/components/auth/LoginSheet.tsx": 1776098906.0305676,
  "src/components/auth/RequireAccess.tsx": 1774902709.277533,
  "src/components/recipe/analysis-progress.tsx": 1776319947.8579342,
  "src/components/recipe/analysis-report.tsx": 1776098906.0339613,
  "src/components/recipe/scattered-paws.tsx": 1776319846.9371698,
  "src/components/recipe/ingredient-row.tsx": 1776364204.428469,
  "src/components/recipe/recipe-form.tsx": 1776098906.036619,
  "src/components/recipe/ingredient-list.tsx": 1776364204.4290764,
  "src/components/recipe/follow-up-actions.tsx": 1776098906.034781,
  "src/components/recipe/recipe-card.tsx": 1776098906.0361857,
  "src/components/recipe/checkmark-celebration.tsx": 1776319856.6744876,
  "src/components/recipe/add-ingredient-sheet.tsx": 1776365496.731319,
  "src/components/recipe/preparation-chips.tsx": 1776098906.0357533,
  "src/components/recipe/__tests__/ingredient-list.test.tsx": 1776364052.526255,
  "src/components/recipe/__tests__/recipe-form.test.tsx": 1776364386.2368047,
  "src/components/navigation/bottom-nav.tsx": 1776258104.5774722,
  "src/components/blog/blog-tag-chips.tsx": 1775328413.8530858,
  "src/components/blog/blog-article.tsx": 1774964895.999602,
  "src/components/blog/blog-featured-card.tsx": 1774964473.4914598,
  "src/components/blog/blog-post-row.tsx": 1774964481.295773,
  "src/components/subscription/PaywallSheet.tsx": 1776256011.134922,
  "src/components/subscription/SubscriptionBanner.tsx": 1775407614.005831,
  "src/components/subscription/SubscriptionCard.tsx": 1776256040.4476688,
  "src/components/pet/pet-card.tsx": 1776098906.0331972,
  "src/components/pet/bcs-slider.tsx": 1774811908.8970315,
  "src/components/pet/activity-level-selector.tsx": 1774860132.5457938,
  "src/components/pet/photo-picker.tsx": 1775328694.880786,
  "src/components/pet/pet-form.tsx": 1774860131.7590995,
  "src/components/pet/breed-selector.tsx": 1774811908.8972898,
  "src/components/food/ai-suggestion-row.tsx": 1776335210.918417,
  "src/components/food/add-to-recipe-sheet.tsx": 1776317605.7420278,
  "src/components/food/food-card.tsx": 1776098906.0323966,
  "src/components/food/safety-badge.tsx": 1774811460.7689767,
  "src/components/food/category-grid.tsx": 1776098906.0318847,
  "src/components/food/food-request-dialog.tsx": 1774811908.8968446,
  "src/hooks/use-auth.ts": 1774962790.5403054,
  "src/hooks/use-sheet-drag.ts": 1775423092.0971289,
  "src/hooks/use-food-search.ts": 1776365496.7311065,
  "src/hooks/use-locale.ts": 1775040946.1230197,
  "src/hooks/use-ai-food-lookup.ts": 1776335192.9351628,
  "src/hooks/use-pets.ts": 1774902709.278163,
  "src/hooks/use-recipes.ts": 1776319502.464389,
  "src/hooks/use-entitlement.ts": 1775399204.104023,
  "src/hooks/use-recipe-analysis.ts": 1776319302.874072,
  "src/hooks/use-blog.ts": 1774964908.6343472,
  "src/hooks/use-purchases.ts": 1775748256.335678,
  "src/lib/app-info.ts": 1776366762.4352207,
  "src/lib/navigation.ts": 1776366315.3218043,
  "src/lib/embeddings.ts": 1775932266.8787189,
  "src/lib/api.ts": 1775249472.0534966,
  "src/lib/platform.ts": 1774946087.0499945,
  "src/lib/entitlements.ts": 1776263250.60396,
  "src/lib/types.ts": 1776335129.7874339,
  "src/lib/access.ts": 1775398811.7009094,
  "src/lib/constants.ts": 1776319611.2884986,
  "src/lib/validators.ts": 1775249472.053963,
  "src/lib/supabase.ts": 1774794713.5057611,
  "src/lib/terms.ts": 1774963712.9186423,
  "src/lib/agent/system-prompt.ts": 1776335167.9985416,
  "src/lib/agent/create-agent.ts": 1776263476.0523195,
  "src/lib/agent/tools/lookup-food.ts": 1775249472.0532253,
  "src/lib/agent/tools/get-pet-profile.ts": 1775249472.0526702,
  "src/lib/agent/tools/search-knowledge.ts": 1775933279.219608,
  "src/lib/__tests__/navigation.test.ts": 1776366315.32213,
  "src/i18n/request.ts": 1774774349.480706,
  "src/store/food-store.ts": 1776335188.089132,
  "src/store/recipe-store.ts": 1776319297.4068074,
  "src/store/auth-store.ts": 1775398902.0499027,
  "src/store/pet-store.ts": 1774902709.2796416,
  "CODEX.md": 1776366506.9822898,
  "AGENTS.md": 1776366506.9816768,
  "docs/screenshots/iphone-16/tabs/README.md": 1775315693.9336917,
  "docs/screenshots/iphone-16/learn/README.md": 1775315745.912773,
  "docs/screenshots/iphone-16/auth/README.md": 1775315669.2131817,
  "docs/screenshots/iphone-16/welcome/README.md": 1775315712.5560987,
  "docs/screenshots/iphone-16/search/README.md": 1775315692.8587399,
  "docs/screenshots/iphone-16/profile/README.md": 1775315715.1171217,
  "docs/screenshots/iphone-16/recipes/README.md": 1775315758.077816,
  "docs/screenshots/iphone-16/guest/README.md": 1775315762.7121022,
  "graphify-out/converted/DATABASE - FOODS TO GIVE_NOT GIVE DOGS_d0302d12.md": 1776366894.7725682,
  "docs/superpowers/plans/2026-03-29-qa-automation.md": 1774795954.465075,