{
  "tailwind.config.js": 1774772405.5369048,
  "next-env.d.ts": 1774737283.2763665,
  "tailwind.config.ts": 1774736023.1141257,
  "next.config.ts": 1775249472.0453207,
  "capacitor.config.ts": 1775310100.1417584,
  "scripts/youtube-knowledge-base/ingest.py": 1775711843.3578072,
  "src/app/layout.tsx": 1775040940.0755248,
  "src/app/page.tsx": 1774770934.814603,
  "src/app/not-found.tsx": 1774965413.5451818,
  "src/app/providers.tsx": 1775748530.171454,
  "src/app/(app)/layout.tsx": 1775399644.8633866,
  "src/app/(app)/learn/page.tsx": 1774964639.4886706,
  "src/app/(app)/learn/article/page.tsx": 1774964902.2046473,
  "src/app/(app)/scan/page.tsx": 1775399746.9140913,
  "src/app/(app)/search/page.tsx": 1775327446.1668675,
  "src/app/(app)/search/category/page.tsx": 1775328427.4109483,
  "src/app/(app)/search/food/page.tsx": 1775333439.5763533,
  "src/app/(app)/profile/page.tsx": 1775399758.6030533,
  "src/app/(app)/profile/pets/page.tsx": 1774859737.4433017,
  "src/app/(app)/profile/pets/edit/page.tsx": 1774774297.0523267,
  "src/app/(app)/profile/scan-history/page.tsx": 1774736873.6060743,
  "src/app/(app)/profile/language/page.tsx": 1774860130.3186004,
  "src/app/(app)/recipes/page.tsx": 1775399754.2311335,
  "src/app/(app)/recipes/analysis/page.tsx": 1775399788.6313496,
  "src/app/(app)/recipes/edit/page.tsx": 1775300798.175417,
  "src/app/(app)/recipes/new/page.tsx": 1775399767.7971983,
  "src/app/privacy-policy/page.tsx": 1774962553.2056746,
  "src/app/terms/page.tsx": 1774965407.104481,
  "src/app/welcome/page.tsx": 1775327189.1183915,
  "src/app/terms-of-service/page.tsx": 1774962485.5466185,
  "src/app/api/auth/sync-entitlements/route.ts": 1775748538.4991643,
  "src/app/api/recipes/analyze/route.ts": 1776063117.39833,
  "src/app/api/webhooks/revenuecat/route.ts": 1775399898.901207,
  "src/app/(auth)/layout.tsx": 1774902709.2767086,
  "src/app/(auth)/register/page.tsx": 1775328534.1409867,
  "src/app/(auth)/login/page.tsx": 1775328518.456064,
  "src/app/onboarding/page.tsx": 1774965413.0259693,
  "src/components/intl-provider.tsx": 1775040931.2310019,
  "src/components/ui/card.tsx": 1774737336.1635127,
  "src/components/ui/icon.tsx": 1775326960.746801,
  "src/components/ui/empty-state.tsx": 1775327348.689262,
  "src/components/ui/progress-steps.tsx": 1774811900.413847,
  "src/components/ui/dialog.tsx": 1774859678.5159645,
  "src/components/ui/badge.tsx": 1774736544.513394,
  "src/components/ui/button.tsx": 1774860122.591785,
  "src/components/ui/input.tsx": 1774811313.174684,
  "src/components/ui/skeleton.tsx": 1774736540.9569685,
  "src/components/auth/social-login-buttons.tsx": 1775327898.5146356,
  "src/components/auth/LoginSheet.tsx": 1775423846.5653708,
  "src/components/auth/RequireAccess.tsx": 1774902709.277533,
  "src/components/recipe/analysis-progress.tsx": 1775249472.0495129,
  "src/components/recipe/analysis-report.tsx": 1775332975.8231163,
  "src/components/recipe/recipe-form.tsx": 1775299200.2314749,
  "src/components/recipe/ingredient-list.tsx": 1775249472.0503023,
  "src/components/recipe/follow-up-actions.tsx": 1775249472.050066,
  "src/components/recipe/recipe-card.tsx": 1775249472.050779,
  "src/components/recipe/preparation-chips.tsx": 1775249472.050514,
  "src/components/navigation/bottom-nav.tsx": 1775249472.0491884,
  "src/components/blog/blog-tag-chips.tsx": 1775328413.8530858,
  "src/components/blog/blog-article.tsx": 1774964895.999602,
  "src/components/blog/blog-featured-card.tsx": 1774964473.4914598,
  "src/components/blog/blog-post-row.tsx": 1774964481.295773,
  "src/components/subscription/PaywallSheet.tsx": 1775478801.9108953,
  "src/components/subscription/SubscriptionBanner.tsx": 1775407614.005831,
  "src/components/subscription/SubscriptionCard.tsx": 1775399516.414007,
  "src/components/pet/pet-card.tsx": 1775328300.1938324,
  "src/components/pet/bcs-slider.tsx": 1774811908.8970315,
  "src/components/pet/activity-level-selector.tsx": 1774860132.5457938,
  "src/components/pet/photo-picker.tsx": 1775328694.880786,
  "src/components/pet/pet-form.tsx": 1774860131.7590995,
  "src/components/pet/breed-selector.tsx": 1774811908.8972898,
  "src/components/food/add-to-recipe-sheet.tsx": 1775423852.3726978,
  "src/components/food/food-card.tsx": 1775328305.0751293,
  "src/components/food/safety-badge.tsx": 1774811460.7689767,
  "src/components/food/category-grid.tsx": 1775327273.0495596,
  "src/components/food/food-request-dialog.tsx": 1774811908.8968446,
  "src/hooks/use-auth.ts": 1774962790.5403054,
  "src/hooks/use-sheet-drag.ts": 1775423092.0971289,
  "src/hooks/use-food-search.ts": 1774811495.9768693,
  "src/hooks/use-locale.ts": 1775040946.1230197,
  "src/hooks/use-pets.ts": 1774902709.278163,
  "src/hooks/use-recipes.ts": 1775249472.0514665,
  "src/hooks/use-entitlement.ts": 1775399204.104023,
  "src/hooks/use-recipe-analysis.ts": 1775296465.2001123,
  "src/hooks/use-blog.ts": 1774964908.6343472,
  "src/hooks/use-purchases.ts": 1775748256.335678,
  "src/lib/embeddings.ts": 1775932266.8787189,
  "src/lib/api.ts": 1775249472.0534966,
  "src/lib/platform.ts": 1774946087.0499945,
  "src/lib/entitlements.ts": 1775398818.521571,
  "src/lib/types.ts": 1775398803.4170482,
  "src/lib/access.ts": 1775398811.7009094,
  "src/lib/constants.ts": 1775327050.1406546,
  "src/lib/validators.ts": 1775249472.053963,
  "src/lib/supabase.ts": 1774794713.5057611,
  "src/lib/terms.ts": 1774963712.9186423,
  "src/lib/agent/system-prompt.ts": 1775933965.011877,
  "src/lib/agent/create-agent.ts": 1776063102.7483933,
  "src/lib/agent/tools/lookup-food.ts": 1775249472.0532253,
  "src/lib/agent/tools/get-pet-profile.ts": 1775249472.0526702,
  "src/lib/agent/tools/search-knowledge.ts": 1775933279.219608,
  "src/i18n/request.ts": 1774774349.480706,
  "src/store/recipe-store.ts": 1775249472.054994,
  "src/store/auth-store.ts": 1775398902.0499027,
  "src/store/pet-store.ts": 1774902709.2796416,
  "CLAUDE.md": 1775373068.4361162,
  "docs/screenshots/iphone-16/tabs/README.md": 1775315693.9336917,
  "docs/screenshots/iphone-16/learn/README.md": 1775315745.912773,
  "docs/screenshots/iphone-16/auth/README.md": 1775315669.2131817,
  "docs/screenshots/iphone-16/welcome/README.md": 1775315712.5560987,
  "docs/screenshots/iphone-16/search/README.md": 1775315692.8587399,
  "docs/screenshots/iphone-16/profile/README.md": 1775315715.1171217,
  "docs/screenshots/iphone-16/recipes/README.md": 1775315758.077816,
  "docs/screenshots/iphone-16/guest/README.md": 1775315762.7121022,
  "graphify-out/converted/DATABASE - FOODS TO GIVE_NOT GIVE DOGS_d0302d12.md": 1776062653.842682,
  "docs/superpowers/plans/2026-03-29-qa-automation.md": 1774795954.465075,
  "docs/superpowers/plans/2026-04-03-ai-recipe-analysis.md": 1775246326.9196148,
  "docs/superpowers/plans/2026-04-05-tiered-subscriptions.md": 1775398352.7528174,
  "docs/superpowers/plans/2026-04-04-screenshot-documentation-v2.md": 1775313399.5835361,
  "docs/superpowers/plans/2026-04-09-youtube-knowledge-base.md": 1775683881.0350943,
  "docs/superpowers/plans/2026-04-07-web-billing-rc-billing.md": 1775510411.0518594,
  "docs/superpowers/plans/2026-03-31-learn-page.md": 1774964141.4636648,
  "docs/superpowers/plans/2026-03-31-terms-privacy.md": 1774962021.47799,
  "docs/superpowers/plans/2026-03-29-screenshot-documentation.md": 1774796901.66098,
  "docs/superpowers/plans/2026-03-30-gitops-cicd.md": 1774854264.9307292,
  "docs/superpowers/plans/2026-03-30-capgo-self-hosted.md": 1774867436.1412537,
  "docs/superpowers/plans/2026-03-29-ui-ux-remediation.md": 1774811092.2826169,
  "docs/superpowers/plans/2026-04-04-ui-ux-improvements.md": 1775326472.0655599,
  "docs/superpowers/plans/2026-03-30-guest-access.md": 1774891345.4174678,
  "docs/superpowers/specs/2026-03-29-ui-ux-audit-design.md": 1774809552.8626719,
  "docs/superpowers/specs/2026-04-03-ai-recipe-analysis-design.md": 1775245323.7388294,
  "docs/superpowers/specs/2026-04-05-tiered-subscriptions-design.md": 1775403983.5163417,